"firstName298","lastName298","Sat May 10 00:00:00 IST 94","1.0"
"firstName294","lastName294","Thu Dec 04 00:00:00 IST 94","3.0"
"firstName290","lastName290","Fri Jan 04 00:00:00 IST 93","2.0"
"firstName287","lastName287","Sat May 11 00:00:00 IST 93","6.0"
"firstName284","lastName284","Sun Sep 08 00:00:00 IST 93","7.0"
"firstName280","lastName280","Wed Jan 08 00:00:00 IST 94","8.0"
"firstName277","lastName277","Thu Aug 01 00:00:00 IST 93","2.0"
"firstName273","lastName273","Wed Mar 12 00:00:00 IST 94","10.0"
"firstName271","lastName271","Sun Feb 09 00:00:00 IST 94","8.0"
"firstName267","lastName267","Fri Mar 08 00:00:00 IST 93","4.0"
"firstName264","lastName264","Tue Jan 10 00:00:00 IST 92","5.0"
"firstName261","lastName261","Mon Apr 06 00:00:00 IST 95","5.0"
"firstName257","lastName257","Thu Feb 05 00:00:00 IST 95","1.0"
"firstName255","lastName255","Fri Oct 11 00:00:00 IST 93","3.0"
"firstName252","lastName252","Tue Dec 02 00:00:00 IST 94","5.0"
"firstName249","lastName249","Thu Dec 04 00:00:00 IST 94","4.0"
"firstName246","lastName246","Wed Feb 12 00:00:00 IST 94","8.0"
"firstName243","lastName243","Fri Jul 04 00:00:00 IST 94","9.0"
"firstName240","lastName240","Sat Oct 05 00:00:00 IST 93","1.0"
"firstName237","lastName237","Mon Sep 08 00:00:00 IST 94","6.0"
"firstName234","lastName234","Sun Nov 11 00:00:00 IST 92","9.0"
"firstName231","lastName231","Sat Dec 06 00:00:00 IST 94","3.0"
"firstName228","lastName228","Mon Sep 09 00:00:00 IST 93","2.0"
"firstName225","lastName225","Thu Jan 12 00:00:00 IST 92","9.0"
"firstName199","lastName199","Mon Nov 03 00:00:00 IST 94","4.0"
"firstName198","lastName198","Wed Sep 11 00:00:00 IST 93","1.0"
"firstName196","lastName196","Wed Apr 01 00:00:00 IST 95","8.0"
"firstName195","lastName195","Thu Aug 07 00:00:00 IST 94","3.0"
"firstName207","lastName207","Thu Sep 05 00:00:00 IST 93","2.0"
"firstName205","lastName205","Sat Jan 11 00:00:00 IST 94","9.0"
"firstName203","lastName203","Mon Dec 08 00:00:00 IST 94","4.0"
"firstName189","lastName189","Wed Apr 11 00:00:00 IST 92","10.0"
"firstName187","lastName187","Wed Sep 03 00:00:00 IST 94","9.0"
"firstName180","lastName180","Fri Apr 12 00:00:00 IST 93","9.0"
"firstName177","lastName177","Fri Nov 07 00:00:00 IST 94","5.0"
"firstName174","lastName174","Thu Nov 07 00:00:00 IST 93","4.0"
"firstName171","lastName171","Sun Feb 09 00:00:00 IST 94","5.0"
"firstName100","lastName100","Thu Jan 07 00:00:00 IST 1993","5.0"
"firstName166","lastName166","Thu May 08 00:00:00 IST 94","5.0"
"firstName164","lastName164","Mon Mar 02 00:00:00 IST 95","10.0"
"firstName96","lastName96","Thu Apr 08 00:00:00 IST 1993","3.0"
"firstName95","lastName95","Sat Jun 11 00:00:00 IST 1994","2.0"
"firstName94","lastName94","Mon Jun 07 00:00:00 IST 1993","4.0"
"firstName156","lastName156","Wed Jul 02 00:00:00 IST 94","3.0"
"firstName154","lastName154","Fri Mar 07 00:00:00 IST 94","9.0"
"firstName153","lastName153","Tue Jan 06 00:00:00 IST 95","8.0"
"firstName91","lastName91","Sat Apr 03 00:00:00 IST 1993","10.0"
"firstName90","lastName90","Sun May 02 00:00:00 IST 1993","6.0"
"firstName89","lastName89","Mon Feb 10 00:00:00 IST 1992","8.0"
"firstName146","lastName146","Sun Feb 01 00:00:00 IST 95","2.0"
"firstName144","lastName144","Wed Apr 09 00:00:00 IST 94","6.0"
"firstName85","lastName85","Mon Jun 06 00:00:00 IST 1994","1.0"
"firstName140","lastName140","Fri Dec 06 00:00:00 IST 93","7.0"
"firstName138","lastName138","Sun Nov 02 00:00:00 IST 94","8.0"
"firstName137","lastName137","Sat May 03 00:00:00 IST 94","6.0"
"firstName135","lastName135","Thu Jan 10 00:00:00 IST 93","2.0"
"firstName79","lastName79","Sun Jul 04 00:00:00 IST 1993","2.0"
"firstName131","lastName131","Fri Jan 02 00:00:00 IST 95","8.0"
"firstName129","lastName129","Sun Mar 09 00:00:00 IST 94","2.0"
"firstName76","lastName76","Sat Apr 11 00:00:00 IST 1992","2.0"
"firstName125","lastName125","Mon Apr 08 00:00:00 IST 93","9.0"
"firstName123","lastName123","Sun Jun 08 00:00:00 IST 94","9.0"
"firstName121","lastName121","Thu Aug 07 00:00:00 IST 94","2.0"
"firstName71","lastName71","Thu Feb 02 00:00:00 IST 1995","1.0"
"firstName70","lastName70","Sun Mar 05 00:00:00 IST 1995","1.0"
"firstName116","lastName116","Mon Sep 08 00:00:00 IST 94","10.0"
"firstName67","lastName67","Mon Oct 12 00:00:00 IST 1992","3.0"
"firstName66","lastName66","Wed Mar 08 00:00:00 IST 1995","2.0"
"firstName110","lastName110","Sat Sep 06 00:00:00 IST 94","1.0"
"firstName108","lastName108","Fri Jun 06 00:00:00 IST 94","1.0"
"firstName106","lastName106","Thu Dec 04 00:00:00 IST 94","4.0"
"firstName104","lastName104","Sun Oct 06 00:00:00 IST 93","2.0"
"firstName102","lastName102","Sat Sep 06 00:00:00 IST 94","6.0"
"firstName60","lastName60","Sun May 02 00:00:00 IST 1993","10.0"
"firstName56","lastName56","Sat Apr 11 00:00:00 IST 1992","10.0"
"firstName53","lastName53","Wed Jan 12 00:00:00 IST 1994","4.0"
"firstName50","lastName50","Sun Jan 10 00:00:00 IST 1993","3.0"
"firstName47","lastName47","Wed May 11 00:00:00 IST 1994","9.0"
"firstName44","lastName44","Sat Feb 04 00:00:00 IST 1995","1.0"
"firstName41","lastName41","Tue Feb 11 00:00:00 IST 1992","8.0"
"firstName39","lastName39","Thu Mar 04 00:00:00 IST 1993","10.0"
"firstName36","lastName36","Sun Jun 06 00:00:00 IST 1993","10.0"
"firstName32","lastName32","Tue Aug 11 00:00:00 IST 1992","3.0"
"firstName29","lastName29","Sat Apr 02 00:00:00 IST 1994","9.0"
"firstName26","lastName26","Sat Sep 04 00:00:00 IST 1993","10.0"
"firstName24","lastName24","Wed Aug 03 00:00:00 IST 1994","7.0"
"firstName23","lastName23","Sun Sep 05 00:00:00 IST 1993","9.0"
"firstName21","lastName21","Thu Jul 08 00:00:00 IST 1993","1.0"
"firstName19","lastName19","Mon Jun 06 00:00:00 IST 1994","9.0"
"firstName17","lastName17","Thu May 06 00:00:00 IST 1993","4.0"
"firstName15","lastName15","Tue Dec 07 00:00:00 IST 1993","8.0"
"firstName13","lastName13","Sun Jul 04 00:00:00 IST 1993","10.0"
"firstName11","lastName11","Mon Aug 08 00:00:00 IST 1994","7.0"
"firstName9","lastName9","Wed Mar 09 00:00:00 IST 1994","9.0"
"firstName7","lastName7","Mon Mar 06 00:00:00 IST 1995","2.0"
"firstName5","lastName5","Fri Feb 12 00:00:00 IST 1993","10.0"
"firstName4","lastName4","Wed Sep 01 00:00:00 IST 1993","5.0"
"firstName3","lastName3","Sat Jan 01 00:00:00 IST 1994","5.0"
"firstName2","lastName2","Mon May 01 00:00:00 IST 1995","5.0"
"firstName1","lastName1","Thu Nov 04 00:00:00 IST 1993","5.0"
